Rank,Team,Wins,Draws,Loses,Team_goals,Opponents_goals,Goal_difference,Points,Opponent,opponent_rank,Date,Time,Home/Away,team_goals,opponent_goals,Outcome,Target_Winner,stat_Expected_Goals_xG_team,stat_Expected_Goals_xG_opponent,stat_Ball_Possession_team,stat_Ball_Possession_opponent,stat_Total_shots_team,stat_Total_shots_opponent,stat_Shots_on_target_team,stat_Shots_on_target_opponent,stat_Big_Chances_team,stat_Big_Chances_opponent,stat_Corner_Kicks_team,stat_Corner_Kicks_opponent,stat_Passes_team,stat_Passes_opponent,stat_Yellow_Cards_team,stat_Yellow_Cards_opponent,stat_xG_on_target_xGOT_team,stat_xG_on_target_xGOT_opponent,stat_Shots_off_target_team,stat_Shots_off_target_opponent,stat_Blocked_Shots_team,stat_Blocked_Shots_opponent,stat_Shots_inside_the_Box_team,stat_Shots_inside_the_Box_opponent,stat_Shots_outside_the_Box_team,stat_Shots_outside_the_Box_opponent,stat_Hit_the_Woodwork_team,stat_Hit_the_Woodwork_opponent,stat_Headed_Goals_team,stat_Headed_Goals_opponent,stat_Touches_in_opposition_box_team,stat_Touches_in_opposition_box_opponent,stat_Accurate_through_passes_team,stat_Accurate_through_passes_opponent,stat_Offsides_team,stat_Offsides_opponent,stat_Free_Kicks_team,stat_Free_Kicks_opponent,stat_Long_passes_team,stat_Long_passes_opponent,stat_Passes_in_final_third_team,stat_Passes_in_final_third_opponent,stat_Crosses_team,stat_Crosses_opponent,stat_Expected_assists_xA_team,stat_Expected_assists_xA_opponent,stat_Throw-ins_team,stat_Throw-ins_opponent,stat_Fouls_team,stat_Fouls_opponent,stat_Tackles_team,stat_Tackles_opponent,stat_Duels_won_team,stat_Duels_won_opponent,stat_Clearances_team,stat_Clearances_opponent,stat_Interceptions_team,stat_Interceptions_opponent,stat_Errors_leading_to_shot_team,stat_Errors_leading_to_shot_opponent,stat_Errors_leading_to_goal_team,stat_Errors_leading_to_goal_opponent,stat_Goalkeeper_Saves_team,stat_Goalkeeper_Saves_opponent,stat_xGOT_faced_team,stat_xGOT_faced_opponent,stat_Goals_prevented_team,stat_Goals_prevented_opponent,stat_Red_Cards_team,stat_Red_Cards_opponent,Team_encoded,Opponent_encoded,Home_encoded,Outcome_encoded,Target_encoded,win_rate_global,win_rate_lastN,home_win_rate,away_win_rate,h2h_win_rate,win_streak,form_score,goal_diff,goal_diff_win_rate,weighted_outcome
14.0,CFR Cluj,1,3,3,11,16,-5,6,Univ. Craiova,1.0,03.08.2025,19:30,home,2,3,L,opponent,1.79,0.51,0.54,0.46,24,7,6,4,0,1,9,1,0.84,0.78,3.0,5.0,1.75,0.94,10,1,8,2,17,5,7,2,0,0,2.0,0.0,38,10,0,0,2,2,16,15,0.51,0.43,0.7,0.62,0.32,0.2,1.45,0.17,14,21,15,16,0.62,0.73,50,44,6,41,8,7,0,0,0,0,1,4,0.94,1.75,-2.06,-0.25,0.0,0.0,0,15,1,2,2,0.0,0.0,0.0,0.5,0.5,0,0.0,-1,0.0,0.0
14.0,CFR Cluj,1,3,3,11,16,-5,6,Unirea Slobozia,9.0,13.07.2025,19:30,home,2,1,W,team,1.1,0.67,0.6,0.4,10,12,4,3,3,1,5,2,0.77,0.7,1.0,1.0,1.98,0.81,5,5,1,4,7,5,3,7,1,0,1.0,0.0,18,11,0,0,2,1,16,14,0.42,0.35,0.61,0.56,0.35,0.15,1.51,0.16,21,23,14,16,0.92,0.5,55,40,25,25,10,8,0,1,0,1,2,2,0.81,1.98,-0.19,-0.02,0.0,0.0,0,14,1,1,1,0.5,0.5,0.5,0.5,0.5,1,0.2,1,0.5,0.41000000000000003
14.0,CFR Cluj,1,3,3,11,16,-5,6,FC Botosani,5.0,17.08.2025,16:30,home,3,3,D,draw,4.12,1.23,0.53,0.47,30,8,15,3,7,3,12,1,0.74,0.69,2.0,3.0,5.49,1.84,12,0,3,5,24,4,6,4,0,0,0.0,2.0,43,12,1,2,5,0,15,7,0.45,0.29,0.63,0.52,0.39,0.38,2.37,0.68,31,21,7,15,0.43,0.73,60,39,32,31,11,10,0,0,0,0,0,12,1.84,5.49,-1.16,2.49,0.0,0.0,0,4,1,0,0,0.3333333333333333,0.3333333333333333,0.3333333333333333,0.5,0.5,0,0.2,0,0.3333333333333333,0.29333333333333333
14.0,CFR Cluj,1,3,3,11,16,-5,6,FC Rapid Bucuresti,2.0,20.07.2025,19:30,away,1,1,D,draw,0.99,1.38,0.42,0.58,15,24,3,7,0,2,4,5,0.79,0.88,2.0,1.0,1.2,1.8,5,12,7,5,10,6,5,18,0,0,0.0,0.0,22,13,0,0,0,0,6,15,0.58,0.55,0.61,0.81,0.36,0.15,0.65,0.85,16,20,15,6,0.57,0.33,43,48,20,25,10,12,0,0,0,0,6,2,1.8,1.2,0.93,0.2,0.0,0.0,0,6,0,0,0,0.25,0.25,0.3333333333333333,0.0,0.5,0,0.1,0,0.25,0.20500000000000002
14.0,CFR Cluj,1,3,3,11,16,-5,6,Otelul,10.0,24.08.2025,14:15,away,1,4,L,opponent,0.69,2.71,0.39,0.61,14,10,5,5,1,3,5,3,0.72,0.83,1.0,2.0,0.64,2.57,3,3,6,2,6,10,8,0,0,0,0.0,0.0,12,25,0,0,2,0,14,4,0.35,0.5,0.61,0.72,0.21,0.29,0.37,1.11,24,17,4,14,0.62,0.54,50,42,25,37,10,11,1,1,3,1,1,4,2.57,0.64,-1.43,-0.36,1.0,0.0,0,10,0,2,2,0.2,0.2,0.3333333333333333,0.0,0.5,0,0.0,-3,0.2,0.14
14.0,CFR Cluj,1,3,3,11,16,-5,6,FC Arges,4.0,27.07.2025,16:30,home,0,2,L,opponent,1.01,0.83,0.63,0.37,12,11,1,4,2,2,8,4,0.76,0.6,2.0,3.0,0.22,2.82,6,7,5,0,6,6,6,5,0,0,0.0,1.0,19,10,0,0,2,1,9,13,0.44,0.3,0.59,0.47,0.19,0.27,0.9,1.02,30,19,13,9,0.17,0.67,53,55,21,35,4,12,1,1,0,0,2,1,2.82,0.22,0.82,0.22,0.0,0.0,0,3,1,2,2,0.16666666666666666,0.2,0.25,0.0,0.5,0,0.0,-2,0.2,0.14
14.0,CFR Cluj,1,3,3,11,16,-5,6,FCSB,13.0,31.08.2025,19:30,home,2,2,D,draw,1.18,2.06,0.38,0.62,11,22,6,5,1,2,1,6,0.75,0.84,0.0,3.0,1.63,1.9,3,8,2,9,5,14,6,8,0,0,2.0,1.0,10,25,0,1,3,1,8,11,0.33,0.54,0.73,0.78,0.4,0.48,0.37,1.37,18,17,12,9,0.79,0.67,38,48,31,8,6,11,0,0,0,0,3,4,1.9,1.63,-0.1,-0.37,1.0,0.0,0,7,1,0,0,0.14285714285714285,0.0,0.2,0.0,0.5,0,0.0,0,0.0,0.0
15.0,Csikszereda M. Ciuc,0,2,5,7,19,-12,2,Otelul,10.0,01.09.2025,16:00,home,1,1,D,draw,1.41,0.61,0.39,0.61,15,13,6,2,1,1,7,4,0.68,0.78,1.0,3.0,0.58,0.72,4,4,5,7,7,10,8,3,0,0,0.0,1.0,15,22,0,0,1,2,20,11,0.44,0.42,0.54,0.64,0.22,0.33,0.57,0.76,22,26,12,20,0.62,0.3,54,54,25,18,6,8,0,1,0,0,1,5,0.72,0.58,-0.28,-0.42,1.0,0.0,1,10,1,0,0,0.0,0.0,0.0,0.5,0.5,0,0.0,0,0.0,0.0
15.0,Csikszereda M. Ciuc,0,2,5,7,19,-12,2,FC Arges,4.0,02.08.2025,16:30,away,1,3,L,opponent,0.25,1.67,0.59,0.41,4,13,2,3,0,3,0,2,0.79,0.74,1.0,3.0,0.35,2.09,2,8,0,2,2,9,2,4,0,0,0.0,1.0,6,22,0,0,5,1,18,11,0.51,0.45,0.55,0.58,0.13,0.47,0.19,1.16,32,22,11,18,0.86,0.6,46,55,20,29,6,11,0,0,0,0,0,1,2.09,0.35,-0.91,-0.65,0.0,0.0,1,3,0,2,2,0.0,0.0,0.0,0.0,0.5,0,0.0,-2,0.0,0.0
15.0,Csikszereda M. Ciuc,0,2,5,7,19,-12,2,Din. Bucuresti,3.0,14.07.2025,19:30,home,2,2,D,draw,0.39,1.34,0.27,0.73,5,17,3,10,2,2,0,9,0.61,0.89,1.0,2.0,1.06,2.66,2,6,0,1,2,5,3,12,1,1,0.0,1.0,6,29,1,1,2,1,11,13,0.26,0.41,0.38,0.72,0.0,0.12,0.22,1.02,22,22,13,11,0.67,0.71,38,44,40,16,8,8,1,0,0,0,8,1,2.66,1.06,0.52,0.06,0.0,0.0,1,2,1,0,0,0.0,0.0,0.0,0.0,0.5,0,0.0,0,0.0,0.0
15.0,Csikszereda M. Ciuc,0,2,5,7,19,-12,2,Univ. Craiova,1.0,17.08.2025,14:15,home,1,2,L,opponent,0.27,1.18,0.44,0.56,9,12,5,5,0,2,8,4,0.81,0.85,4.0,2.0,0.52,1.35,3,3,1,4,3,5,6,7,0,0,0.0,0.0,12,19,0,0,2,1,10,11,0.5,0.45,0.68,0.74,0.12,0.11,0.36,1.27,21,28,13,10,0.69,0.53,42,36,22,25,10,5,0,0,1,1,3,4,1.35,0.52,-0.65,0.52,0.0,0.0,1,15,1,2,2,0.0,0.0,0.0,0.0,0.5,0,0.0,-1,0.0,0.0
15.0,Csikszereda M. Ciuc,0,2,5,7,19,-12,2,Unirea Slobozia,9.0,21.07.2025,17:00,away,1,6,L,opponent,1.24,2.66,0.4,0.6,15,20,6,11,1,7,1,2,0.79,0.84,0.0,0.0,1.18,4.41,5,5,4,4,7,11,8,9,0,2,0.0,0.0,19,16,0,1,1,3,11,6,0.47,0.55,0.69,0.73,0.33,0.06,0.92,1.07,21,21,6,11,0.67,0.58,39,39,28,11,5,4,0,0,1,0,5,5,4.41,1.18,-1.59,0.21,1.0,0.0,1,14,0,2,2,0.0,0.0,0.0,0.0,0.5,0,0.0,-5,0.0,0.0
15.0,Csikszereda M. Ciuc,0,2,5,7,19,-12,2,FC Botosani,5.0,23.08.2025,16:45,away,1,3,L,opponent,0.95,1.48,0.44,0.56,9,14,4,8,1,3,1,5,0.66,0.74,1.0,5.0,1.27,3.07,1,3,4,3,6,5,3,9,0,0,0.0,0.0,15,29,0,0,2,2,26,11,0.37,0.33,0.53,0.65,0.25,0.2,0.87,0.7,29,37,12,26,0.71,0.72,66,45,39,19,7,8,1,0,1,0,5,3,3.07,1.27,0.07,0.27,0.0,0.0,1,4,0,2,2,0.0,0.0,0.0,0.0,0.5,0,0.0,-2,0.0,0.0
15.0,Csikszereda M. Ciuc,0,2,5,7,19,-12,2,FC Rapid Bucuresti,2.0,25.07.2025,20:00,home,0,2,L,opponent,1.04,2.79,0.38,0.62,17,15,4,8,0,4,5,3,0.85,0.91,1.0,2.0,0.54,2.3,7,5,6,2,9,12,8,3,1,1,0.0,0.0,27,31,1,2,3,2,10,9,0.45,0.67,0.76,0.82,0.14,0.29,0.82,2.46,16,15,9,10,0.62,0.54,31,43,21,21,4,5,0,1,1,0,6,4,2.3,0.54,0.3,0.54,0.0,0.0,1,6,1,2,2,0.0,0.0,0.0,0.0,0.5,0,0.0,-2,0.0,0.0
3.0,Din. Bucuresti,4,3,1,12,8,4,15,FCSB,13.0,02.08.2025,19:30,home,4,3,W,team,2.29,2.3,0.57,0.43,13,11,7,4,3,3,5,2,0.84,0.82,1.0,3.0,3.47,2.44,5,5,1,2,10,6,3,4,0,0,0.0,0.0,22,21,0,2,3,1,16,17,0.35,0.47,0.76,0.76,0.38,0.13,0.66,0.83,18,12,17,16,0.38,0.74,45,53,15,19,4,4,0,1,0,0,1,3,2.44,3.47,-0.56,-0.53,0.0,0.0,2,7,1,1,1,1.0,1.0,1.0,0.5,0.5,1,0.1,1,1.0,0.73
3.0,Din. Bucuresti,4,3,1,12,8,4,15,Metaloglobus Bucharest,16.0,08.08.2025,19:30,away,1,0,W,team,0.45,0.52,0.49,0.51,13,15,3,1,0,0,9,6,0.83,0.83,0.0,1.0,0.61,0.26,4,7,6,7,6,5,7,9,1,0,0.0,0.0,14,17,0,0,2,0,4,6,0.47,0.58,0.73,0.71,0.19,0.12,0.37,0.62,24,18,6,4,0.77,0.86,38,42,33,23,9,2,0,0,0,0,1,2,0.26,0.61,-0.74,-0.39,0.0,0.0,2,9,0,1,1,1.0,1.0,1.0,1.0,0.5,2,0.30000000000000004,1,1.0,0.79
3.0,Din. Bucuresti,4,3,1,12,8,4,15,Csikszereda M. Ciuc,15.0,14.07.2025,19:30,away,2,2,D,draw,1.34,0.39,0.73,0.27,17,5,10,3,2,2,9,0,0.89,0.61,2.0,1.0,2.66,1.06,6,2,1,0,5,2,12,3,1,1,1.0,0.0,29,6,1,1,1,2,13,11,0.41,0.26,0.72,0.38,0.12,0.0,1.02,0.22,22,22,11,13,0.71,0.67,44,38,16,40,8,8,0,1,0,0,1,8,1.06,2.66,0.06,0.52,0.0,0.0,2,1,0,0,0,0.6666666666666666,0.6666666666666666,1.0,0.5,0.5,0,0.30000000000000004,0,0.6666666666666666,0.5566666666666666
3.0,Din. Bucuresti,4,3,1,12,8,4,15,UTA Arad,7.0,15.08.2025,19:30,home,1,1,D,draw,1.35,1.22,0.61,0.39,17,12,5,7,0,3,6,3,0.92,0.82,4.0,1.0,1.78,2.15,8,0,4,5,14,9,3,3,0,1,0.0,0.0,44,21,1,2,2,3,7,10,0.63,0.41,0.86,0.66,0.32,0.2,2.2,0.91,16,17,10,8,0.7,0.88,38,36,24,19,6,4,1,1,1,0,6,4,2.15,1.78,1.15,0.78,2.0,0.0,2,13,1,0,0,0.5,0.5,0.5,0.5,0.5,0,0.1,0,0.5,0.38
3.0,Din. Bucuresti,4,3,1,12,8,4,15,FC Botosani,5.0,21.07.2025,19:30,home,0,0,D,draw,0.63,0.39,0.55,0.45,12,7,3,1,2,1,7,5,0.75,0.68,0.0,2.0,0.21,0.16,7,4,2,2,10,4,2,3,1,0,0.0,0.0,28,20,0,1,4,1,20,10,0.36,0.31,0.61,0.48,0.32,0.17,1.17,0.63,27,21,10,20,0.71,0.63,61,46,38,39,11,8,0,0,0,0,1,3,0.16,0.21,0.16,0.21,0.0,0.0,2,4,1,0,0,0.4,0.4,0.3333333333333333,0.5,0.5,0,0.0,0,0.4,0.28
3.0,Din. Bucuresti,4,3,1,12,8,4,15,U. Cluj,8.0,23.08.2025,19:30,away,1,0,W,team,0.45,0.11,0.52,0.48,10,5,3,2,1,0,5,4,0.84,0.78,4.0,3.0,0.46,0.28,5,2,2,1,6,1,4,4,0,0,0.0,0.0,29,11,1,0,3,1,11,8,0.58,0.37,0.74,0.64,0.43,0.05,0.84,0.19,23,27,10,11,0.45,0.8,45,52,30,16,10,7,0,0,0,0,2,2,0.28,0.46,0.28,-0.54,0.0,0.0,2,12,0,1,1,0.5,0.4,0.3333333333333333,0.6666666666666666,0.5,1,0.3,1,0.4,0.37000000000000005
3.0,Din. Bucuresti,4,3,1,12,8,4,15,Otelul,10.0,27.07.2025,19:30,away,1,2,L,opponent,2.73,1.55,0.65,0.35,16,11,6,4,6,1,3,8,0.86,0.67,3.0,1.0,2.14,1.33,7,2,3,5,13,7,3,4,0,0,0.0,0.0,38,14,1,0,0,1,12,6,0.55,0.38,0.77,0.48,0.46,0.28,2.61,0.74,15,21,6,12,0.62,0.85,54,49,34,25,8,7,0,0,1,0,2,5,1.33,2.14,-0.67,1.14,0.0,0.0,2,10,0,2,2,0.42857142857142855,0.2,0.3333333333333333,0.5,0.5,0,0.2,-1,0.2,0.2
3.0,Din. Bucuresti,4,3,1,12,8,4,15,FC Hermannstadt,11.0,30.08.2025,19:30,home,2,0,W,team,1.94,0.57,0.64,0.36,17,12,5,2,3,2,5,9,0.89,0.77,2.0,1.0,2.45,0.5,7,7,5,3,9,7,8,5,0,0,0.0,0.0,26,17,0,0,1,0,8,15,0.7,0.43,0.79,0.73,0.38,0.24,1.03,0.3,18,21,15,8,0.69,0.47,53,49,20,14,8,15,1,1,0,0,2,3,0.5,2.45,0.5,0.45,0.0,0.0,2,5,1,1,1,0.5,0.4,0.5,0.5,0.5,1,0.4,2,0.4,0.4
4.0,FC Arges,5,0,3,13,10,3,15,Csikszereda M. Ciuc,15.0,02.08.2025,16:30,home,3,1,W,team,1.67,0.25,0.41,0.59,13,4,3,2,3,0,2,0,0.74,0.79,3.0,1.0,2.09,0.35,8,2,2,0,9,2,4,2,0,0,1.0,0.0,22,6,0,0,1,5,11,18,0.45,0.51,0.58,0.55,0.47,0.13,1.16,0.19,22,32,18,11,0.6,0.86,55,46,29,20,11,6,0,0,0,0,1,0,0.35,2.09,-0.65,-0.91,0.0,0.0,3,1,1,1,1,1.0,1.0,1.0,0.5,0.5,1,0.1,2,1.0,0.73
4.0,FC Arges,5,0,3,13,10,3,15,FC Rapid Bucuresti,2.0,11.07.2025,19:30,home,0,2,L,opponent,1.15,0.35,0.48,0.52,13,9,2,5,2,0,7,1,0.77,0.79,5.0,4.0,0.24,0.5,7,3,4,1,8,3,5,6,1,0,0.0,0.0,25,13,0,0,1,0,16,23,0.44,0.3,0.63,0.72,0.09,0.08,0.96,0.94,24,34,23,16,0.52,0.65,64,59,32,31,12,10,0,1,0,0,3,2,0.5,0.24,-1.48,0.24,0.0,0.0,3,6,1,2,2,0.5,0.5,0.5,0.5,0.5,0,0.1,-2,0.5,0.38
4.0,FC Arges,5,0,3,13,10,3,15,FC Botosani,5.0,11.08.2025,17:00,away,1,3,L,opponent,1.22,1.3,0.5,0.5,16,14,4,7,4,3,6,4,0.65,0.59,1.0,2.0,1.09,2.22,9,5,3,2,12,8,4,6,0,0,0.0,0.0,27,21,0,2,2,1,13,9,0.45,0.29,0.57,0.52,0.38,0.18,0.88,1.34,41,31,10,13,0.6,0.68,66,64,27,41,9,2,1,0,0,1,4,3,2.22,1.09,-0.78,0.09,0.0,0.0,3,4,0,2,2,0.3333333333333333,0.3333333333333333,0.5,0.0,0.5,0,0.1,-2,0.3333333333333333,0.2633333333333333
4.0,FC Arges,5,0,3,13,10,3,15,Univ. Craiova,1.0,18.07.2025,19:30,away,1,3,L,opponent,1.02,0.96,0.35,0.65,11,8,2,2,2,3,4,1,0.69,0.81,4.0,2.0,0.45,1.24,6,0,3,6,6,3,5,5,0,0,0.0,0.0,19,16,0,0,0,1,13,21,0.31,0.38,0.57,0.64,0.32,0.17,0.68,0.37,33,21,21,13,0.5,0.68,59,64,16,31,8,14,0,1,0,0,0,1,1.24,0.45,-0.76,-0.55,0.0,0.0,3,15,0,2,2,0.25,0.25,0.5,0.0,0.5,0,0.0,-2,0.25,0.175
4.0,FC Arges,5,0,3,13,10,3,15,Otelul,10.0,18.08.2025,17:00,home,2,0,W,team,1.45,0.58,0.44,0.56,13,10,6,3,2,0,3,9,0.62,0.75,1.0,2.0,1.66,0.44,6,6,1,1,7,6,6,4,1,0,1.0,0.0,19,15,0,0,1,1,9,12,0.29,0.43,0.49,0.58,0.38,0.22,0.5,0.52,41,37,12,9,0.57,0.56,48,51,40,30,10,16,0,0,0,0,3,4,0.44,1.66,0.44,-0.34,0.0,0.0,3,10,1,1,1,0.4,0.4,0.6666666666666666,0.0,0.5,1,0.3,2,0.4,0.37000000000000005
4.0,FC Arges,5,0,3,13,10,3,15,FCSB,13.0,24.08.2025,19:30,away,2,0,W,team,0.98,1.14,0.29,0.71,12,16,3,1,1,1,12,11,0.65,0.83,1.0,1.0,0.75,0.12,5,8,4,7,7,10,5,6,1,1,0.0,0.0,16,38,1,1,0,3,5,11,0.27,0.63,0.55,0.7,0.13,0.17,0.49,1.48,17,25,14,5,0.72,0.55,48,55,48,28,15,3,0,2,0,0,1,1,0.12,0.75,0.12,-0.25,0.0,0.0,3,7,0,1,1,0.5,0.4,0.6666666666666666,0.3333333333333333,0.5,2,0.5,2,0.4,0.43
4.0,FC Arges,5,0,3,13,10,3,15,CFR Cluj,14.0,27.07.2025,16:30,away,2,0,W,team,0.83,1.01,0.37,0.63,11,12,4,1,2,2,4,8,0.6,0.76,3.0,2.0,2.82,0.22,7,6,0,5,6,6,5,6,0,0,1.0,0.0,10,19,0,0,1,2,13,9,0.3,0.44,0.47,0.59,0.27,0.19,1.02,0.9,19,30,9,13,0.67,0.17,55,53,35,21,12,4,1,1,0,0,1,2,0.22,2.82,0.22,0.82,0.0,0.0,3,0,0,1,1,0.5714285714285714,0.6,0.6666666666666666,0.5,0.5,3,0.6,2,0.6,0.6
4.0,FC Arges,5,0,3,13,10,3,15,Metaloglobus Bucharest,16.0,31.08.2025,14:00,home,2,1,W,team,1.91,0.77,0.37,0.63,18,12,5,2,4,1,4,3,0.66,0.81,2.0,3.0,2.16,0.35,11,5,2,5,10,9,8,3,1,0,0.0,0.0,29,16,0,0,0,0,17,10,0.37,0.36,0.54,0.68,0.31,0.29,0.56,0.52,26,24,10,17,0.45,0.83,54,41,21,29,8,6,0,1,0,0,1,3,0.35,2.16,-0.65,0.16,0.0,0.0,3,9,1,1,1,0.625,0.8,0.75,0.5,0.5,4,0.6,1,0.8,0.7400000000000001
5.0,FC Botosani,3,4,1,16,9,7,13,FC Rapid Bucuresti,2.0,04.08.2025,19:30,away,1,2,L,opponent,0.47,1.19,0.44,0.56,14,11,2,6,0,3,2,5,0.8,0.83,1.0,2.0,0.2,0.83,9,3,3,2,4,9,10,2,0,0,0.0,0.0,11,21,0,2,1,1,10,13,0.43,0.62,0.68,0.68,0.27,0.23,0.24,1.42,22,28,13,10,0.7,0.88,44,49,33,20,9,8,0,0,0,0,4,1,0.83,0.2,-1.17,-0.8,0.0,0.0,4,6,0,2,2,0.0,0.0,0.5,0.0,0.5,0,0.0,-1,0.0,0.0
5.0,FC Botosani,3,4,1,16,9,7,13,FC Arges,4.0,11.08.2025,17:00,home,3,1,W,team,1.3,1.22,0.5,0.5,14,16,7,4,3,4,4,6,0.59,0.65,2.0,1.0,2.22,1.09,5,9,2,3,8,12,6,4,0,0,0.0,0.0,21,27,2,0,1,2,9,13,0.29,0.45,0.52,0.57,0.18,0.38,1.34,0.88,31,41,13,10,0.68,0.6,64,66,41,27,2,9,0,1,1,0,3,4,1.09,2.22,0.09,-0.78,0.0,0.0,4,3,1,1,1,0.5,0.5,1.0,0.0,0.5,1,0.2,2,0.5,0.41000000000000003
5.0,FC Botosani,3,4,1,16,9,7,13,Farul Constanta,6.0,14.07.2025,17:00,home,1,1,D,draw,0.76,1.2,0.53,0.47,11,14,2,4,2,2,7,6,0.71,0.73,0.0,6.0,0.15,1.23,6,7,3,3,5,7,6,7,0,0,0.0,1.0,15,18,2,0,2,2,17,13,0.49,0.46,0.52,0.59,0.05,0.23,0.48,0.53,30,16,13,17,0.64,0.72,57,65,23,44,8,5,0,1,1,1,3,1,1.23,0.15,0.23,-0.62,0.0,1.0,4,8,1,0,0,0.3333333333333333,0.3333333333333333,0.5,0.0,0.5,0,0.2,0,0.3333333333333333,0.29333333333333333
5.0,FC Botosani,3,4,1,16,9,7,13,CFR Cluj,14.0,17.08.2025,16:30,away,3,3,D,draw,1.23,4.12,0.47,0.53,8,30,3,15,3,7,1,12,0.69,0.74,3.0,2.0,1.84,5.49,0,12,5,3,4,24,4,6,0,0,2.0,0.0,12,43,2,1,0,5,7,15,0.29,0.45,0.52,0.63,0.38,0.39,0.68,2.37,21,31,15,7,0.73,0.43,39,60,31,32,10,11,0,0,0,0,12,0,5.49,1.84,2.49,-1.16,0.0,0.0,4,0,0,0,0,0.25,0.25,0.5,0.0,0.5,0,0.1,0,0.25,0.20500000000000002
5.0,FC Botosani,3,4,1,16,9,7,13,Din. Bucuresti,3.0,21.07.2025,19:30,away,0,0,D,draw,0.39,0.63,0.45,0.55,7,12,1,3,1,2,5,7,0.68,0.75,2.0,0.0,0.16,0.21,4,7,2,2,4,10,3,2,0,1,0.0,0.0,20,28,1,0,1,4,10,20,0.31,0.36,0.48,0.61,0.17,0.32,0.63,1.17,21,27,20,10,0.63,0.71,46,61,39,38,8,11,0,0,0,0,3,1,0.21,0.16,0.21,0.16,0.0,0.0,4,2,0,0,0,0.2,0.2,0.5,0.0,0.5,0,0.0,0,0.2,0.14
5.0,FC Botosani,3,4,1,16,9,7,13,Csikszereda M. Ciuc,15.0,23.08.2025,16:45,home,3,1,W,team,1.48,0.95,0.56,0.44,14,9,8,4,3,1,5,1,0.74,0.66,5.0,1.0,3.07,1.27,3,1,3,4,5,6,9,3,0,0,0.0,0.0,29,15,0,0,2,2,11,26,0.33,0.37,0.65,0.53,0.2,0.25,0.7,0.87,37,29,26,12,0.72,0.71,45,66,19,39,8,7,0,1,0,1,3,5,1.27,3.07,0.27,0.07,0.0,0.0,4,1,1,1,1,0.3333333333333333,0.4,0.6666666666666666,0.0,0.5,1,0.3,2,0.4,0.37000000000000005
5.0,FC Botosani,3,4,1,16,9,7,13,Unirea Slobozia,9.0,28.07.2025,17:00,home,4,0,W,team,2.11,0.42,0.52,0.48,7,8,4,3,4,1,2,4,0.79,0.76,3.0,1.0,3.33,0.26,3,3,0,2,5,3,2,5,0,0,0.0,0.0,19,11,0,0,3,8,7,14,0.35,0.5,0.6,0.63,0.13,0.19,1.08,0.39,20,26,14,7,0.75,0.56,38,52,23,16,4,5,0,0,0,1,3,0,0.26,3.33,0.26,-0.67,1.0,0.0,4,14,1,1,1,0.42857142857142855,0.4,0.75,0.0,0.5,2,0.5,4,0.4,0.43
5.0,FC Botosani,3,4,1,16,9,7,13,Univ. Craiova,1.0,31.08.2025,16:30,home,1,1,D,draw,1.37,1.51,0.36,0.64,11,13,4,6,2,2,4,8,0.66,0.81,4.0,1.0,1.35,0.92,5,5,2,2,6,9,5,4,0,0,0.0,0.0,23,22,1,1,1,3,8,8,0.36,0.6,0.6,0.62,0.08,0.3,0.64,1.13,25,26,9,9,0.36,0.86,34,45,19,22,8,10,1,1,0,0,5,3,0.92,1.35,-0.08,0.35,0.0,0.0,4,15,1,0,0,0.375,0.4,0.6,0.0,0.5,0,0.30000000000000004,0,0.4,0.37000000000000005
11.0,FC Hermannstadt,1,4,3,7,10,-3,7,U. Cluj,8.0,03.08.2025,16:30,home,2,2,D,draw,2.42,1.95,0.27,0.73,16,12,5,3,2,3,2,5,0.79,0.91,1.0,1.0,1.1,2.03,9,6,2,3,11,5,5,7,1,0,0.0,0.0,16,24,1,0,0,1,11,8,0.33,0.74,0.61,0.84,0.33,0.46,0.86,1.33,17,28,8,11,0.74,0.73,43,31,16,17,15,4,0,1,0,1,1,3,2.03,1.1,0.03,-0.9,0.0,0.0,5,12,1,0,0,0.0,0.0,0.0,0.5,0.5,0,0.0,0,0.0,0.0
11.0,FC Hermannstadt,1,4,3,7,10,-3,7,Univ. Craiova,1.0,10.08.2025,16:30,away,0,1,L,opponent,1.45,0.84,0.46,0.54,12,12,3,5,2,1,10,2,0.85,0.88,2.0,1.0,1.04,0.99,7,6,2,1,7,5,5,7,1,1,0.0,0.0,24,13,0,1,2,1,9,8,0.49,0.69,0.68,0.72,0.17,0.29,0.88,0.53,23,17,8,9,0.86,0.62,40,46,9,18,8,11,0,0,0,0,4,3,0.99,1.04,-0.01,1.04,0.0,0.0,5,15,0,2,2,0.0,0.0,0.0,0.0,0.5,0,0.0,-1,0.0,0.0
11.0,FC Hermannstadt,1,4,3,7,10,-3,7,FCSB,13.0,12.07.2025,19:30,away,1,1,D,draw,0.66,2.17,0.35,0.65,8,24,3,6,2,3,1,13,0.76,0.84,1.0,0.0,0.27,2.72,4,7,1,11,5,14,3,10,1,0,1.0,1.0,11,29,0,1,0,0,9,8,0.45,0.66,0.65,0.75,0.4,0.22,0.5,1.49,24,26,8,9,0.56,0.75,58,63,51,13,10,13,0,1,0,0,5,2,2.72,0.27,1.72,-0.73,0.0,0.0,5,7,0,0,0,0.0,0.0,0.0,0.0,0.5,0,0.0,0,0.0,0.0
11.0,FC Hermannstadt,1,4,3,7,10,-3,7,Petrolul,12.0,16.08.2025,19:30,away,1,1,D,draw,0.83,1.97,0.55,0.45,12,15,4,4,1,1,10,1,0.83,0.83,1.0,1.0,0.72,1.12,6,7,2,4,7,8,5,7,0,0,0.0,0.0,20,26,0,0,4,1,9,10,0.56,0.5,0.72,0.63,0.23,0.25,1.0,0.76,28,16,10,10,0.4,0.61,45,52,20,20,10,17,0,0,0,1,3,3,1.12,0.72,0.12,-0.28,0.0,0.0,5,11,0,0,0,0.0,0.0,0.0,0.0,0.5,0,0.0,0,0.0,0.0
11.0,FC Hermannstadt,1,4,3,7,10,-3,7,Metaloglobus Bucharest,16.0,18.07.2025,17:00,home,2,2,D,draw,1.63,1.04,0.51,0.49,15,10,4,4,1,2,5,3,0.82,0.8,1.0,2.0,2.49,1.93,6,5,5,1,11,8,4,2,0,0,1.0,1.0,25,20,1,0,2,1,12,8,0.54,0.54,0.76,0.65,0.32,0.41,0.71,0.76,27,22,8,12,0.62,0.81,47,37,25,25,7,5,0,0,0,1,2,2,1.93,2.49,-0.07,0.49,0.0,0.0,5,9,1,0,0,0.0,0.0,0.0,0.0,0.5,0,0.0,0,0.0,0.0
11.0,FC Hermannstadt,1,4,3,7,10,-3,7,Farul Constanta,6.0,25.08.2025,17:00,home,1,0,W,team,1.78,1.36,0.39,0.61,9,14,4,0,5,1,2,6,0.75,0.83,3.0,4.0,1.31,0.0,4,10,1,4,7,10,1,4,1,0,0.0,0.0,21,30,2,1,5,0,14,12,0.5,0.55,0.64,0.64,0.17,0.42,1.27,1.65,20,18,13,15,0.76,0.69,47,40,24,24,14,14,0,0,0,0,0,3,0.0,1.31,0.0,0.31,0.0,0.0,5,8,1,1,1,0.16666666666666666,0.2,0.3333333333333333,0.0,0.5,1,0.3,1,0.2,0.23
11.0,FC Hermannstadt,1,4,3,7,10,-3,7,UTA Arad,7.0,26.07.2025,16:30,away,0,1,L,opponent,0.8,0.79,0.48,0.52,10,10,1,3,2,3,5,5,0.74,0.8,1.0,1.0,0.08,0.6,5,6,4,1,4,8,6,2,0,0,0.0,0.0,13,14,1,0,2,1,13,5,0.45,0.46,0.64,0.62,0.16,0.45,0.98,0.69,30,20,5,13,0.68,0.67,52,57,14,31,9,9,0,0,0,0,2,1,0.6,0.08,-0.63,0.08,0.0,0.0,5,13,0,2,2,0.14285714285714285,0.2,0.3333333333333333,0.0,0.5,0,0.2,-1,0.2,0.2
11.0,FC Hermannstadt,1,4,3,7,10,-3,7,Din. Bucuresti,3.0,30.08.2025,19:30,away,0,2,L,opponent,0.57,1.94,0.36,0.64,12,17,2,5,2,3,9,5,0.77,0.89,1.0,2.0,0.5,2.45,7,7,3,5,7,9,5,8,0,0,0.0,0.0,17,26,0,0,0,1,15,8,0.43,0.7,0.73,0.79,0.24,0.38,0.3,1.03,21,18,8,15,0.47,0.69,49,53,14,20,15,8,1,1,0,0,3,2,2.45,0.5,0.45,0.5,0.0,0.0,5,2,0,2,2,0.125,0.2,0.3333333333333333,0.0,0.5,0,0.1,-2,0.2,0.17
2.0,FC Rapid Bucuresti,5,3,0,14,6,8,18,FC Botosani,5.0,04.08.2025,19:30,home,2,1,W,team,1.19,0.47,0.56,0.44,11,14,6,2,3,0,5,2,0.83,0.8,2.0,1.0,0.83,0.2,3,9,2,3,9,4,2,10,0,0,0.0,0.0,21,11,2,0,1,1,13,10,0.62,0.43,0.68,0.68,0.23,0.27,1.42,0.24,28,22,10,13,0.88,0.7,49,44,20,33,8,9,0,0,0,0,1,4,0.2,0.83,-0.8,-1.17,0.0,0.0,6,4,1,1,1,1.0,1.0,1.0,0.5,0.5,1,0.1,1,1.0,0.73
2.0,FC Rapid Bucuresti,5,3,0,14,6,8,18,FC Arges,4.0,11.07.2025,19:30,away,2,0,W,team,0.35,1.15,0.52,0.48,9,13,5,2,0,2,1,7,0.79,0.77,4.0,5.0,0.5,0.24,3,7,1,4,3,8,6,5,0,1,0.0,0.0,13,25,0,0,0,1,23,16,0.3,0.44,0.72,0.63,0.08,0.09,0.94,0.96,34,24,16,23,0.65,0.52,59,64,31,32,10,12,1,0,0,0,2,3,0.24,0.5,0.24,-1.48,0.0,0.0,6,3,0,1,1,1.0,1.0,1.0,1.0,0.5,2,0.30000000000000004,2,1.0,0.79
2.0,FC Rapid Bucuresti,5,3,0,14,6,8,18,Otelul,10.0,11.08.2025,19:30,away,1,1,D,draw,0.75,0.8,0.58,0.42,17,19,5,6,2,1,13,2,0.83,0.78,0.0,1.0,1.48,0.49,6,9,6,4,11,8,6,11,1,0,0.0,0.0,30,12,0,0,3,1,13,9,0.61,0.37,0.74,0.67,0.25,0.38,0.6,0.5,19,18,9,13,0.61,0.66,61,64,19,37,6,7,1,1,0,0,5,4,0.49,1.48,-0.51,0.48,0.0,0.0,6,10,0,0,0,0.6666666666666666,0.6666666666666666,1.0,0.5,0.5,0,0.30000000000000004,0,0.6666666666666666,0.5566666666666666
2.0,FC Rapid Bucuresti,5,3,0,14,6,8,18,FCSB,13.0,17.08.2025,19:30,home,2,2,D,draw,1.38,1.11,0.58,0.42,13,13,3,6,3,2,11,4,0.86,0.83,1.0,3.0,1.85,1.21,4,6,6,1,8,6,5,7,0,1,0.0,1.0,27,16,0,1,0,2,12,8,0.45,0.57,0.71,0.71,0.27,0.4,0.85,0.79,21,17,9,12,0.6,0.68,45,56,9,34,4,11,1,1,0,1,4,1,1.21,1.85,-0.79,-0.15,0.0,0.0,6,7,1,0,0,0.5,0.5,0.5,0.5,0.5,0,0.1,0,0.5,0.38
2.0,FC Rapid Bucuresti,5,3,0,14,6,8,18,CFR Cluj,14.0,20.07.2025,19:30,home,1,1,D,draw,1.38,0.99,0.58,0.42,24,15,7,3,2,0,5,4,0.88,0.79,1.0,2.0,1.8,1.2,12,5,5,7,6,10,18,5,0,0,0.0,0.0,13,22,0,0,0,0,15,6,0.55,0.58,0.81,0.61,0.15,0.36,0.85,0.65,20,16,6,15,0.33,0.57,48,43,25,20,12,10,0,0,0,0,2,6,1.2,1.8,0.2,0.93,0.0,0.0,6,0,1,0,0,0.4,0.4,0.3333333333333333,0.5,0.5,0,0.0,0,0.4,0.28
2.0,FC Rapid Bucuresti,5,3,0,14,6,8,18,Metaloglobus Bucharest,16.0,22.08.2025,19:30,away,2,1,W,team,2.13,0.8,0.43,0.57,17,13,8,5,4,2,4,9,0.76,0.83,3.0,2.0,2.47,1.09,5,4,4,4,15,5,2,8,1,0,0.0,0.0,25,16,0,0,2,0,18,10,0.45,0.51,0.72,0.71,0.44,0.07,1.16,0.78,18,22,10,19,0.92,0.42,49,41,37,21,13,4,0,1,0,0,4,6,1.09,2.47,0.09,0.47,0.0,0.0,6,9,0,1,1,0.5,0.4,0.3333333333333333,0.6666666666666666,0.5,1,0.3,1,0.4,0.37000000000000005
2.0,FC Rapid Bucuresti,5,3,0,14,6,8,18,Csikszereda M. Ciuc,15.0,25.07.2025,20:00,away,2,0,W,team,2.79,1.04,0.62,0.38,15,17,8,4,4,0,3,5,0.91,0.85,2.0,1.0,2.3,0.54,5,7,2,6,12,9,3,8,1,1,0.0,0.0,31,27,2,1,2,3,9,10,0.67,0.45,0.82,0.76,0.29,0.14,2.46,0.82,15,16,10,9,0.54,0.62,43,31,21,21,5,4,1,0,0,1,4,6,0.54,2.3,0.54,0.3,0.0,0.0,6,1,0,1,1,0.5714285714285714,0.4,0.3333333333333333,0.75,0.5,2,0.5,2,0.4,0.43
2.0,FC Rapid Bucuresti,5,3,0,14,6,8,18,UTA Arad,7.0,29.08.2025,18:30,home,2,0,W,team,1.99,0.69,0.49,0.51,11,8,5,1,4,2,5,4,0.77,0.81,4.0,2.0,1.77,0.26,3,5,3,2,7,4,4,4,0,0,1.0,0.0,21,17,0,0,0,0,10,12,0.44,0.5,0.63,0.65,0.25,0.22,1.69,0.92,35,21,12,10,0.48,0.67,51,49,25,18,6,10,1,1,0,1,1,3,0.26,1.77,0.26,-0.23,0.0,0.0,6,13,1,1,1,0.625,0.6,0.5,0.75,0.5,3,0.6,2,0.6,0.6
13.0,FCSB,1,3,4,10,14,-4,6,Din. Bucuresti,3.0,02.08.2025,19:30,away,3,4,L,opponent,2.3,2.29,0.43,0.57,11,13,4,7,3,3,2,5,0.82,0.84,3.0,1.0,2.44,3.47,5,5,2,1,6,10,4,3,0,0,0.0,0.0,21,22,2,0,1,3,17,16,0.47,0.35,0.76,0.76,0.13,0.38,0.83,0.66,12,18,16,17,0.74,0.38,53,45,19,15,4,4,1,0,0,0,3,1,3.47,2.44,-0.53,-0.56,0.0,0.0,7,2,0,2,2,0.0,0.0,0.5,0.0,0.5,0,0.0,-1,0.0,0.0
13.0,FCSB,1,3,4,10,14,-4,6,Unirea Slobozia,9.0,10.08.2025,19:30,home,0,1,L,opponent,2.36,0.54,0.7,0.3,35,8,13,4,3,0,6,1,0.84,0.6,2.0,2.0,2.25,0.95,18,4,4,0,19,4,16,4,1,0,0.0,0.0,36,10,1,1,4,1,13,8,0.56,0.25,0.77,0.46,0.45,0.2,1.79,0.45,27,20,9,14,0.73,0.67,59,42,15,37,7,9,0,1,0,0,3,13,0.95,2.25,-0.05,2.25,0.0,0.0,7,14,1,2,2,0.0,0.0,0.0,0.0,0.5,0,0.0,-1,0.0,0.0
13.0,FCSB,1,3,4,10,14,-4,6,FC Hermannstadt,11.0,12.07.2025,19:30,home,1,1,D,draw,2.17,0.66,0.65,0.35,24,8,6,3,3,2,13,1,0.84,0.76,0.0,1.0,2.72,0.27,7,4,11,1,14,5,10,3,0,1,1.0,1.0,29,11,1,0,0,0,8,9,0.66,0.45,0.75,0.65,0.22,0.4,1.49,0.5,26,24,9,8,0.75,0.56,63,58,13,51,13,10,1,0,0,0,2,5,0.27,2.72,-0.73,1.72,0.0,0.0,7,5,1,0,0,0.0,0.0,0.0,0.0,0.5,0,0.0,0,0.0,0.0
13.0,FCSB,1,3,4,10,14,-4,6,FC Rapid Bucuresti,2.0,17.08.2025,19:30,away,2,2,D,draw,1.11,1.38,0.42,0.58,13,13,6,3,2,3,4,11,0.83,0.86,3.0,1.0,1.21,1.85,6,4,1,6,6,8,7,5,1,0,1.0,0.0,16,27,1,0,2,0,8,12,0.57,0.45,0.71,0.71,0.4,0.27,0.79,0.85,17,21,12,9,0.68,0.6,56,45,34,9,11,4,1,1,1,0,1,4,1.85,1.21,-0.15,-0.79,0.0,0.0,7,6,0,0,0,0.0,0.0,0.0,0.0,0.5,0,0.0,0,0.0,0.0
13.0,FCSB,1,3,4,10,14,-4,6,Petrolul,12.0,19.07.2025,19:30,away,1,0,W,team,1.66,1.01,0.51,0.49,13,13,5,1,4,1,6,5,0.8,0.74,4.0,3.0,0.75,0.55,7,7,1,5,9,9,4,4,1,0,0.0,0.0,18,21,1,0,2,5,19,15,0.43,0.4,0.64,0.64,0.27,0.36,1.06,0.65,23,11,15,19,0.75,0.67,48,59,34,25,5,14,1,1,0,0,1,4,0.55,0.75,0.55,-0.25,0.0,0.0,7,11,0,1,1,0.2,0.2,0.0,0.3333333333333333,0.5,1,0.3,1,0.2,0.23
13.0,FCSB,1,3,4,10,14,-4,6,FC Arges,4.0,24.08.2025,19:30,home,0,2,L,opponent,1.14,0.98,0.71,0.29,16,12,1,3,1,1,11,12,0.83,0.65,1.0,1.0,0.12,0.75,8,5,7,4,10,7,6,5,1,1,0.0,0.0,38,16,1,1,3,0,11,5,0.63,0.27,0.7,0.55,0.17,0.13,1.48,0.49,25,17,5,14,0.55,0.72,55,48,28,48,3,15,2,0,0,0,1,1,0.75,0.12,-0.25,0.12,0.0,0.0,7,3,1,2,2,0.16666666666666666,0.2,0.0,0.3333333333333333,0.5,0,0.2,-2,0.2,0.2
13.0,FCSB,1,3,4,10,14,-4,6,Farul Constanta,6.0,26.07.2025,19:30,home,1,2,L,opponent,0.58,2.96,0.55,0.45,8,21,3,8,1,3,2,8,0.84,0.81,5.0,1.0,0.58,2.61,4,9,1,4,4,9,4,12,0,1,0.0,0.0,7,26,0,0,4,1,12,17,0.49,0.62,0.71,0.68,0.08,0.23,0.26,1.04,18,18,17,12,0.63,0.64,59,48,30,23,7,13,0,0,0,1,6,2,2.61,0.58,0.61,-0.42,1.0,0.0,7,8,1,2,2,0.14285714285714285,0.2,0.0,0.3333333333333333,0.5,0,0.1,-1,0.2,0.17
13.0,FCSB,1,3,4,10,14,-4,6,CFR Cluj,14.0,31.08.2025,19:30,away,2,2,D,draw,2.06,1.18,0.62,0.38,22,11,5,6,2,1,6,1,0.84,0.75,3.0,0.0,1.9,1.63,8,3,9,2,14,5,8,6,0,0,1.0,2.0,25,10,1,0,1,3,11,8,0.54,0.33,0.78,0.73,0.48,0.4,1.37,0.37,17,18,9,12,0.67,0.79,48,38,8,31,11,6,0,0,0,0,4,3,1.63,1.9,-0.37,-0.1,0.0,1.0,7,0,0,0,0,0.125,0.2,0.0,0.25,0.5,0,0.0,0,0.2,0.14
6.0,Farul Constanta,4,1,3,11,10,1,13,Metaloglobus Bucharest,16.0,01.08.2025,17:00,home,2,1,W,team,1.76,0.83,0.6,0.4,20,10,5,3,3,1,5,3,0.78,0.74,0.0,2.0,1.85,0.58,9,2,6,5,8,4,12,6,1,0,0.0,1.0,31,10,1,0,2,0,14,12,0.57,0.42,0.64,0.53,0.35,0.31,1.02,0.74,32,34,12,14,0.82,0.67,63,46,22,48,8,11,0,1,0,2,2,3,0.58,1.85,-0.54,-0.15,0.0,0.0,8,9,1,1,1,1.0,1.0,1.0,0.5,0.5,1,0.1,1,1.0,0.73
6.0,Farul Constanta,4,1,3,11,10,1,13,Petrolul,12.0,01.09.2025,19:00,home,2,1,W,team,2.35,0.79,0.5,0.5,15,12,4,1,5,3,9,2,0.77,0.79,0.0,0.0,1.99,0.42,6,8,5,3,12,8,3,4,2,1,0.0,0.0,32,17,1,0,3,1,8,9,0.37,0.44,0.67,0.62,0.32,0.3,1.45,1.18,24,26,9,10,0.58,0.7,44,53,22,29,5,6,0,0,0,0,0,2,0.42,1.99,-0.58,-0.01,0.0,0.0,8,11,1,1,1,1.0,1.0,1.0,0.5,0.5,2,0.30000000000000004,1,1.0,0.79
6.0,Farul Constanta,4,1,3,11,10,1,13,UTA Arad,7.0,09.08.2025,16:30,away,1,2,L,opponent,3.29,2.37,0.6,0.4,24,16,7,8,6,3,11,3,0.82,0.69,0.0,1.0,1.63,3.46,11,6,6,2,17,10,7,6,0,0,0.0,1.0,46,23,1,1,1,1,6,16,0.5,0.32,0.75,0.56,0.34,0.15,3.03,1.47,19,32,17,6,0.75,0.53,56,53,35,45,12,11,1,0,1,0,6,6,3.46,1.63,1.46,0.63,0.0,0.0,8,13,0,2,2,0.6666666666666666,0.6666666666666666,1.0,0.0,0.5,0,0.30000000000000004,-1,0.6666666666666666,0.5566666666666666
6.0,Farul Constanta,4,1,3,11,10,1,13,FC Botosani,5.0,14.07.2025,17:00,away,1,1,D,draw,1.2,0.76,0.47,0.53,14,11,4,2,2,2,6,7,0.73,0.71,6.0,0.0,1.23,0.15,7,6,3,3,7,5,7,6,0,0,1.0,0.0,18,15,0,2,2,2,13,17,0.46,0.49,0.59,0.52,0.23,0.05,0.53,0.48,16,30,17,13,0.72,0.64,65,57,44,23,5,8,1,0,1,1,1,3,0.15,1.23,-0.62,0.23,1.0,0.0,8,4,0,0,0,0.5,0.5,1.0,0.0,0.5,0,0.1,0,0.5,0.38
6.0,Farul Constanta,4,1,3,11,10,1,13,U. Cluj,8.0,18.08.2025,19:30,home,0,1,L,opponent,1.07,0.76,0.63,0.37,25,10,5,5,1,1,6,3,0.82,0.69,2.0,2.0,0.48,1.0,10,4,10,1,9,8,16,2,1,0,0.0,0.0,37,15,1,0,1,1,6,7,0.51,0.43,0.76,0.43,0.2,0.5,1.29,0.41,32,16,7,6,0.63,0.6,38,60,11,42,7,10,0,0,0,0,4,5,1.0,0.48,0.0,0.48,0.0,1.0,8,12,1,2,2,0.4,0.4,0.6666666666666666,0.0,0.5,0,0.0,-1,0.4,0.28
6.0,Farul Constanta,4,1,3,11,10,1,13,Otelul,10.0,20.07.2025,16:30,home,3,2,W,team,1.53,2.01,0.5,0.5,9,20,3,6,2,2,5,7,0.73,0.73,0.0,2.0,1.65,2.04,4,7,2,7,6,13,3,7,1,0,0.0,0.0,20,18,3,0,4,0,9,8,0.46,0.45,0.63,0.63,0.33,0.38,1.06,1.1,27,20,8,9,0.66,0.57,73,52,35,29,6,15,0,0,2,0,4,0,2.04,1.65,0.04,-1.35,1.0,0.0,8,10,1,1,1,0.5,0.4,0.75,0.0,0.5,1,0.3,1,0.4,0.37000000000000005
6.0,Farul Constanta,4,1,3,11,10,1,13,FC Hermannstadt,11.0,25.08.2025,17:00,away,0,1,L,opponent,1.36,1.78,0.61,0.39,14,9,0,4,1,5,6,2,0.83,0.75,4.0,3.0,0.0,1.31,10,4,4,1,10,7,4,1,0,1,0.0,0.0,30,21,1,2,0,5,12,14,0.55,0.5,0.64,0.64,0.42,0.17,1.65,1.27,18,20,15,13,0.69,0.76,40,47,24,24,14,14,0,0,0,0,3,0,1.31,0.0,0.31,0.0,0.0,0.0,8,5,0,2,2,0.42857142857142855,0.2,0.75,0.0,0.5,0,0.2,-1,0.2,0.2
6.0,Farul Constanta,4,1,3,11,10,1,13,FCSB,13.0,26.07.2025,19:30,away,2,1,W,team,2.96,0.58,0.45,0.55,21,8,8,3,3,1,8,2,0.81,0.84,1.0,5.0,2.61,0.58,9,4,4,1,9,4,12,4,1,0,0.0,0.0,26,7,0,0,1,4,17,12,0.62,0.49,0.68,0.71,0.23,0.08,1.04,0.26,18,18,12,17,0.64,0.63,48,59,23,30,13,7,0,0,1,0,2,6,0.58,2.61,-0.42,0.61,0.0,1.0,8,7,0,1,1,0.5,0.4,0.75,0.25,0.5,1,0.4,1,0.4,0.4
16.0,Metaloglobus Bucharest,0,1,7,7,18,-11,1,Farul Constanta,6.0,01.08.2025,17:00,away,1,2,L,opponent,0.83,1.76,0.4,0.6,10,20,3,5,1,3,3,5,0.74,0.78,2.0,0.0,0.58,1.85,2,9,5,6,4,8,6,12,0,1,1.0,0.0,10,31,0,1,0,2,12,14,0.42,0.57,0.53,0.64,0.31,0.35,0.74,1.02,34,32,14,12,0.67,0.82,46,63,48,22,11,8,1,0,2,0,3,2,1.85,0.58,-0.15,-0.54,0.0,0.0,9,8,0,2,2,0.0,0.0,0.5,0.0,0.5,0,0.0,-1,0.0,0.0
16.0,Metaloglobus Bucharest,0,1,7,7,18,-11,1,Din. Bucuresti,3.0,08.08.2025,19:30,home,0,1,L,opponent,0.52,0.45,0.51,0.49,15,13,1,3,0,0,6,9,0.83,0.83,1.0,0.0,0.26,0.61,7,4,7,6,5,6,9,7,0,1,0.0,0.0,17,14,0,0,0,2,6,4,0.58,0.47,0.71,0.73,0.12,0.19,0.62,0.37,18,24,4,6,0.86,0.77,42,38,23,33,2,9,0,0,0,0,2,1,0.61,0.26,-0.39,-0.74,0.0,0.0,9,2,1,2,2,0.0,0.0,0.0,0.0,0.5,0,0.0,-1,0.0,0.0
16.0,Metaloglobus Bucharest,0,1,7,7,18,-11,1,U. Cluj,8.0,11.07.2025,17:00,home,1,4,L,opponent,0.41,2.93,0.43,0.57,11,15,2,6,0,3,1,7,0.81,0.83,3.0,1.0,0.29,3.46,6,5,3,4,3,10,8,5,0,1,0.0,1.0,15,37,0,0,2,0,9,8,0.46,0.54,0.69,0.77,0.21,0.17,0.34,0.91,27,36,8,9,0.42,0.6,60,48,24,17,12,11,1,1,0,0,2,1,3.46,0.29,-0.54,0.29,0.0,0.0,9,12,1,2,2,0.0,0.0,0.0,0.0,0.5,0,0.0,-3,0.0,0.0
16.0,Metaloglobus Bucharest,0,1,7,7,18,-11,1,Unirea Slobozia,9.0,15.08.2025,17:00,away,1,2,L,opponent,0.87,1.66,0.56,0.44,8,13,5,3,3,2,2,5,0.81,0.74,3.0,4.0,0.49,1.74,2,5,1,5,5,7,3,6,0,0,0.0,0.0,20,29,0,0,1,1,7,13,0.46,0.39,0.61,0.64,0.26,0.22,0.83,1.1,23,34,14,7,0.63,0.67,43,54,39,31,9,11,0,0,0,0,1,4,1.74,0.49,-0.26,0.49,0.0,0.0,9,14,0,2,2,0.0,0.0,0.0,0.0,0.5,0,0.0,-1,0.0,0.0
16.0,Metaloglobus Bucharest,0,1,7,7,18,-11,1,FC Hermannstadt,11.0,18.07.2025,17:00,away,2,2,D,draw,1.04,1.63,0.49,0.51,10,15,4,4,2,1,3,5,0.8,0.82,2.0,1.0,1.93,2.49,5,6,1,5,8,11,2,4,0,0,1.0,1.0,20,25,0,1,1,2,8,12,0.54,0.54,0.65,0.76,0.41,0.32,0.76,0.71,22,27,12,8,0.81,0.62,37,47,25,25,5,7,0,0,1,0,2,2,2.49,1.93,0.49,-0.07,0.0,0.0,9,5,0,0,0,0.0,0.0,0.0,0.0,0.5,0,0.0,0,0.0,0.0
16.0,Metaloglobus Bucharest,0,1,7,7,18,-11,1,FC Rapid Bucuresti,2.0,22.08.2025,19:30,home,1,2,L,opponent,0.8,2.13,0.57,0.43,13,17,5,8,2,4,9,4,0.83,0.76,2.0,3.0,1.09,2.47,4,5,4,4,5,15,8,2,0,1,0.0,0.0,16,25,0,0,0,2,10,18,0.51,0.45,0.71,0.72,0.07,0.44,0.78,1.16,22,18,19,10,0.42,0.92,41,49,21,37,4,13,1,0,0,0,6,4,2.47,1.09,0.47,0.09,0.0,0.0,9,6,1,2,2,0.0,0.0,0.0,0.0,0.5,0,0.0,-1,0.0,0.0
16.0,Metaloglobus Bucharest,0,1,7,7,18,-11,1,Petrolul,12.0,25.07.2025,17:45,home,0,3,L,opponent,1.0,2.1,0.61,0.39,17,10,7,5,2,3,10,0,0.82,0.69,2.0,1.0,0.84,2.69,5,2,5,3,9,6,8,4,1,0,0.0,1.0,24,11,0,0,0,0,14,13,0.35,0.35,0.69,0.56,0.17,0.29,0.83,0.62,30,26,13,14,0.77,0.5,43,57,17,28,5,8,2,0,0,0,2,7,2.69,0.84,-0.31,0.84,0.0,0.0,9,11,1,2,2,0.0,0.0,0.0,0.0,0.5,0,0.0,-3,0.0,0.0
16.0,Metaloglobus Bucharest,0,1,7,7,18,-11,1,FC Arges,4.0,31.08.2025,14:00,away,1,2,L,opponent,0.77,1.91,0.63,0.37,12,18,2,5,1,4,3,4,0.81,0.66,3.0,2.0,0.35,2.16,5,11,5,2,9,10,3,8,0,1,0.0,0.0,16,29,0,0,0,0,10,17,0.36,0.37,0.68,0.54,0.29,0.31,0.52,0.56,24,26,17,10,0.83,0.45,41,54,29,21,6,8,1,0,0,0,3,1,2.16,0.35,0.16,-0.65,0.0,0.0,9,3,0,2,2,0.0,0.0,0.0,0.0,0.5,0,0.0,-1,0.0,0.0
10.0,Otelul,2,4,2,10,9,1,10,Csikszereda M. Ciuc,15.0,01.09.2025,16:00,away,1,1,D,draw,0.61,1.41,0.61,0.39,13,15,2,6,1,1,4,7,0.78,0.68,3.0,1.0,0.72,0.58,4,4,7,5,10,7,3,8,0,0,1.0,0.0,22,15,0,0,2,1,11,20,0.42,0.44,0.64,0.54,0.33,0.22,0.76,0.57,26,22,20,12,0.3,0.62,54,54,18,25,8,6,1,0,0,0,5,1,0.58,0.72,-0.42,-0.28,0.0,1.0,10,1,0,0,0,0.0,0.0,0.5,0.0,0.5,0,0.0,0,0.0,0.0
10.0,Otelul,2,4,2,10,9,1,10,Unirea Slobozia,9.0,04.08.2025,17:00,away,0,0,D,draw,1.02,1.17,0.53,0.47,8,22,4,7,1,0,3,4,0.8,0.72,0.0,2.0,1.06,0.8,3,5,1,10,7,9,1,13,0,0,0.0,0.0,22,24,1,0,3,0,15,14,0.35,0.52,0.62,0.66,0.29,0.23,1.55,0.84,22,21,14,15,0.71,0.77,52,46,36,31,8,8,0,0,0,0,7,4,0.8,1.06,0.8,1.06,1.0,0.0,10,14,0,0,0,0.0,0.0,0.5,0.0,0.5,0,0.0,0,0.0,0.0
10.0,Otelul,2,4,2,10,9,1,10,FC Rapid Bucuresti,2.0,11.08.2025,19:30,home,1,1,D,draw,0.8,0.75,0.42,0.58,19,17,6,5,1,2,2,13,0.78,0.83,1.0,0.0,0.49,1.48,9,6,4,6,8,11,11,6,0,1,0.0,0.0,12,30,0,0,1,3,9,13,0.37,0.61,0.67,0.74,0.38,0.25,0.5,0.6,18,19,13,9,0.66,0.61,64,61,37,19,7,6,1,1,0,0,4,5,1.48,0.49,0.48,-0.51,0.0,0.0,10,6,1,0,0,0.0,0.0,0.0,0.0,0.5,0,0.0,0,0.0,0.0
10.0,Otelul,2,4,2,10,9,1,10,Petrolul,12.0,13.07.2025,16:30,home,0,0,D,draw,1.31,0.56,0.52,0.48,12,6,1,2,1,2,4,3,0.76,0.75,1.0,1.0,0.2,0.5,6,3,5,1,8,4,4,2,1,0,0.0,0.0,19,15,0,2,2,1,19,9,0.25,0.37,0.58,0.53,0.26,0.21,0.73,0.63,21,29,9,19,0.59,0.6,56,56,36,29,7,11,0,1,0,0,2,1,0.5,0.2,0.5,0.2,0.0,0.0,10,11,1,0,0,0.0,0.0,0.0,0.0,0.5,0,0.0,0,0.0,0.0
10.0,Otelul,2,4,2,10,9,1,10,FC Arges,4.0,18.08.2025,17:00,away,0,2,L,opponent,0.58,1.45,0.56,0.44,10,13,3,6,0,2,9,3,0.75,0.62,2.0,1.0,0.44,1.66,6,6,1,1,6,7,4,6,0,1,0.0,1.0,15,19,0,0,1,1,12,9,0.43,0.29,0.58,0.49,0.22,0.38,0.52,0.5,37,41,9,12,0.56,0.57,51,48,30,40,16,10,0,0,0,0,4,3,1.66,0.44,-0.34,0.44,0.0,0.0,10,3,0,2,2,0.0,0.0,0.0,0.0,0.5,0,0.0,-2,0.0,0.0
10.0,Otelul,2,4,2,10,9,1,10,Farul Constanta,6.0,20.07.2025,16:30,away,2,3,L,opponent,2.01,1.53,0.5,0.5,20,9,6,3,2,2,7,5,0.73,0.73,2.0,0.0,2.04,1.65,7,4,7,2,13,6,7,3,0,1,0.0,0.0,18,20,0,3,0,4,8,9,0.45,0.46,0.63,0.63,0.38,0.33,1.1,1.06,20,27,9,8,0.57,0.66,52,73,29,35,15,6,0,0,0,2,0,4,1.65,2.04,-1.35,0.04,0.0,1.0,10,8,0,2,2,0.0,0.0,0.0,0.0,0.5,0,0.0,-1,0.0,0.0
10.0,Otelul,2,4,2,10,9,1,10,CFR Cluj,14.0,24.08.2025,14:15,home,4,1,W,team,2.71,0.69,0.61,0.39,10,14,5,5,3,1,3,5,0.83,0.72,2.0,1.0,2.57,0.64,3,3,2,6,10,6,0,8,0,0,0.0,0.0,25,12,0,0,0,2,4,14,0.5,0.35,0.72,0.61,0.29,0.21,1.11,0.37,17,24,14,4,0.54,0.62,42,50,37,25,11,10,1,1,1,3,4,1,0.64,2.57,-0.36,-1.43,0.0,1.0,10,0,1,1,1,0.14285714285714285,0.2,0.3333333333333333,0.0,0.5,1,0.3,3,0.2,0.23
10.0,Otelul,2,4,2,10,9,1,10,Din. Bucuresti,3.0,27.07.2025,19:30,home,2,1,W,team,1.55,2.73,0.35,0.65,11,16,4,6,1,6,8,3,0.67,0.86,1.0,3.0,1.33,2.14,2,7,5,3,7,13,4,3,0,0,0.0,0.0,14,38,0,1,1,0,6,12,0.38,0.55,0.48,0.77,0.28,0.46,0.74,2.61,21,15,12,6,0.85,0.62,49,54,25,34,7,8,0,0,0,1,5,2,2.14,1.33,1.14,-0.67,0.0,0.0,10,2,1,1,1,0.25,0.4,0.5,0.0,0.5,2,0.5,1,0.4,0.43
12.0,Petrolul,1,3,4,7,9,-2,6,UTA Arad,7.0,01.08.2025,19:30,home,1,2,L,opponent,1.49,1.29,0.63,0.37,24,9,4,6,2,4,6,3,0.81,0.65,2.0,4.0,1.01,2.49,11,2,9,1,12,6,12,3,0,0,0.0,1.0,24,12,0,0,1,0,10,10,0.53,0.21,0.66,0.49,0.24,0.22,0.87,0.62,28,27,10,10,0.67,0.82,63,58,11,38,6,9,0,1,0,0,4,3,2.49,1.01,0.51,-0.24,0.0,0.0,11,13,1,2,2,0.0,0.0,0.0,0.5,0.5,0,0.0,-1,0.0,0.0
12.0,Petrolul,1,3,4,7,9,-2,6,Farul Constanta,6.0,01.09.2025,19:00,away,1,2,L,opponent,0.79,2.35,0.5,0.5,12,15,1,4,3,5,2,9,0.79,0.77,0.0,0.0,0.42,1.99,8,6,3,5,8,12,4,3,1,2,0.0,0.0,17,32,0,1,1,3,9,8,0.44,0.37,0.62,0.67,0.3,0.32,1.18,1.45,26,24,10,9,0.7,0.58,53,44,29,22,6,5,0,0,0,0,2,0,1.99,0.42,-0.01,-0.58,0.0,0.0,11,8,0,2,2,0.0,0.0,0.0,0.0,0.5,0,0.0,-1,0.0,0.0
12.0,Petrolul,1,3,4,7,9,-2,6,U. Cluj,8.0,09.08.2025,19:30,away,1,1,D,draw,0.16,0.67,0.33,0.67,6,7,2,1,1,2,2,3,0.74,0.86,2.0,2.0,0.12,0.73,1,5,3,1,2,3,4,4,0,0,0.0,0.0,6,13,0,0,1,1,12,14,0.38,0.59,0.62,0.71,0.0,0.29,0.16,1.16,23,29,14,12,0.76,0.59,50,53,24,17,12,12,0,0,0,0,0,1,0.73,0.12,-0.27,-0.88,0.0,0.0,11,12,0,0,0,0.0,0.0,0.0,0.0,0.5,0,0.0,0,0.0,0.0
12.0,Petrolul,1,3,4,7,9,-2,6,Otelul,10.0,13.07.2025,16:30,away,0,0,D,draw,0.56,1.31,0.48,0.52,6,12,2,1,2,1,3,4,0.75,0.76,1.0,1.0,0.5,0.2,3,6,1,5,4,8,2,4,0,1,0.0,0.0,15,19,2,0,1,2,9,19,0.37,0.25,0.53,0.58,0.21,0.26,0.63,0.73,29,21,19,9,0.6,0.59,56,56,29,36,11,7,1,0,0,0,1,2,0.2,0.5,0.2,0.5,0.0,0.0,11,10,0,0,0,0.0,0.0,0.0,0.0,0.5,0,0.0,0,0.0,0.0
12.0,Petrolul,1,3,4,7,9,-2,6,FC Hermannstadt,11.0,16.08.2025,19:30,home,1,1,D,draw,1.97,0.83,0.45,0.55,15,12,4,4,1,1,1,10,0.83,0.83,1.0,1.0,1.12,0.72,7,6,4,2,8,7,7,5,0,0,0.0,0.0,26,20,0,0,1,4,10,9,0.5,0.56,0.63,0.72,0.25,0.23,0.76,1.0,16,28,10,10,0.61,0.4,52,45,20,20,17,10,0,0,1,0,3,3,0.72,1.12,-0.28,0.12,0.0,0.0,11,5,1,0,0,0.0,0.0,0.0,0.0,0.5,0,0.0,0,0.0,0.0
12.0,Petrolul,1,3,4,7,9,-2,6,FCSB,13.0,19.07.2025,19:30,home,0,1,L,opponent,1.01,1.66,0.49,0.51,13,13,1,5,1,4,5,6,0.74,0.8,3.0,4.0,0.55,0.75,7,7,5,1,9,9,4,4,0,1,0.0,0.0,21,18,0,1,5,2,15,19,0.4,0.43,0.64,0.64,0.36,0.27,0.65,1.06,11,23,19,15,0.67,0.75,59,48,25,34,14,5,1,1,0,0,4,1,0.75,0.55,-0.25,0.55,0.0,0.0,11,7,1,2,2,0.0,0.0,0.0,0.0,0.5,0,0.0,-1,0.0,0.0
12.0,Petrolul,1,3,4,7,9,-2,6,Univ. Craiova,1.0,24.08.2025,16:30,away,0,2,L,opponent,0.44,1.95,0.39,0.61,10,18,0,9,0,2,4,5,0.77,0.88,2.0,0.0,0.0,2.48,7,6,3,3,6,7,4,11,1,0,0.0,0.0,14,17,0,1,1,2,6,12,0.32,0.6,0.63,0.75,0.46,0.13,0.6,0.78,13,17,12,6,0.57,0.75,49,38,15,26,8,15,1,0,0,0,7,0,2.48,0.0,0.48,0.0,0.0,0.0,11,15,0,2,2,0.0,0.0,0.0,0.0,0.5,0,0.0,-2,0.0,0.0
12.0,Petrolul,1,3,4,7,9,-2,6,Metaloglobus Bucharest,16.0,25.07.2025,17:45,away,3,0,W,team,2.1,1.0,0.39,0.61,10,17,5,7,3,2,0,10,0.69,0.82,1.0,2.0,2.69,0.84,2,5,3,5,6,9,4,8,0,1,1.0,0.0,11,24,0,0,0,0,13,14,0.35,0.35,0.56,0.69,0.29,0.17,0.62,0.83,26,30,14,13,0.5,0.77,57,43,28,17,8,5,0,2,0,0,7,2,0.84,2.69,0.84,-0.31,0.0,0.0,11,9,0,1,1,0.125,0.2,0.0,0.2,0.5,1,0.3,3,0.2,0.23
8.0,U. Cluj,3,3,2,11,8,3,12,FC Hermannstadt,11.0,03.08.2025,16:30,away,2,2,D,draw,1.95,2.42,0.73,0.27,12,16,3,5,3,2,5,2,0.91,0.79,1.0,1.0,2.03,1.1,6,9,3,2,5,11,7,5,0,1,0.0,0.0,24,16,0,1,1,0,8,11,0.74,0.33,0.84,0.61,0.46,0.33,1.33,0.86,28,17,11,8,0.73,0.74,31,43,17,16,4,15,1,0,1,0,3,1,1.1,2.03,-0.9,0.03,0.0,0.0,12,5,0,0,0,0.0,0.0,0.5,0.0,0.5,0,0.0,0,0.0,0.0
8.0,U. Cluj,3,3,2,11,8,3,12,Petrolul,12.0,09.08.2025,19:30,home,1,1,D,draw,0.67,0.16,0.67,0.33,7,6,1,2,2,1,3,2,0.86,0.74,2.0,2.0,0.73,0.12,5,1,1,3,3,2,4,4,0,0,0.0,0.0,13,6,0,0,1,1,14,12,0.59,0.38,0.71,0.62,0.29,0.0,1.16,0.16,29,23,12,14,0.59,0.76,53,50,17,24,12,12,0,0,0,0,1,0,0.12,0.73,-0.88,-0.27,0.0,0.0,12,11,1,0,0,0.0,0.0,0.0,0.0,0.5,0,0.0,0,0.0,0.0
8.0,U. Cluj,3,3,2,11,8,3,12,Metaloglobus Bucharest,16.0,11.07.2025,17:00,away,4,1,W,team,2.93,0.41,0.57,0.43,15,11,6,2,3,0,7,1,0.83,0.81,1.0,3.0,3.46,0.29,5,6,4,3,10,3,5,8,1,0,1.0,0.0,37,15,0,0,0,2,8,9,0.54,0.46,0.77,0.69,0.17,0.21,0.91,0.34,36,27,9,8,0.6,0.42,48,60,17,24,11,12,1,1,0,0,1,2,0.29,3.46,0.29,-0.54,0.0,0.0,12,9,0,1,1,0.3333333333333333,0.3333333333333333,0.0,0.5,0.5,1,0.3,3,0.3333333333333333,0.3233333333333333
8.0,U. Cluj,3,3,2,11,8,3,12,Farul Constanta,6.0,18.08.2025,19:30,away,1,0,W,team,0.76,1.07,0.37,0.63,10,25,5,5,1,1,3,6,0.69,0.82,2.0,2.0,1.0,0.48,4,10,1,10,8,9,2,16,0,1,0.0,0.0,15,37,0,1,1,1,7,6,0.43,0.51,0.43,0.76,0.5,0.2,0.41,1.29,16,32,6,7,0.6,0.63,60,38,42,11,10,7,0,0,0,0,5,4,0.48,1.0,0.48,0.0,1.0,0.0,12,8,0,1,1,0.5,0.5,0.0,0.6666666666666666,0.5,2,0.5,1,0.5,0.5
8.0,U. Cluj,3,3,2,11,8,3,12,UTA Arad,7.0,19.07.2025,16:30,home,1,1,D,draw,2.27,1.09,0.7,0.3,25,15,4,6,3,1,4,2,0.88,0.69,2.0,2.0,1.08,1.68,13,7,8,2,17,9,8,6,1,1,1.0,0.0,45,16,0,0,1,0,9,8,0.63,0.34,0.82,0.57,0.33,0.4,2.12,0.64,29,30,8,9,0.65,0.74,48,44,13,27,8,12,0,0,0,0,5,3,1.68,1.08,0.68,-0.03,0.0,0.0,12,13,1,0,0,0.4,0.4,0.0,0.6666666666666666,0.5,0,0.30000000000000004,0,0.4,0.37000000000000005
8.0,U. Cluj,3,3,2,11,8,3,12,Din. Bucuresti,3.0,23.08.2025,19:30,home,0,1,L,opponent,0.11,0.45,0.48,0.52,5,10,2,3,0,1,4,5,0.78,0.84,3.0,4.0,0.28,0.46,2,5,1,2,1,6,4,4,0,0,0.0,0.0,11,29,0,1,1,3,8,11,0.37,0.58,0.64,0.74,0.05,0.43,0.19,0.84,27,23,11,10,0.8,0.45,52,45,16,30,7,10,0,0,0,0,2,2,0.46,0.28,-0.54,0.28,0.0,0.0,12,2,1,2,2,0.3333333333333333,0.4,0.0,0.6666666666666666,0.5,0,0.1,-1,0.4,0.31000000000000005
8.0,U. Cluj,3,3,2,11,8,3,12,Univ. Craiova,1.0,28.07.2025,19:30,away,1,2,L,opponent,0.81,2.13,0.38,0.62,12,24,6,5,3,4,5,7,0.76,0.85,2.0,0.0,1.56,2.08,2,11,4,8,7,18,5,6,0,2,1.0,0.0,25,42,1,3,0,2,7,14,0.42,0.44,0.71,0.74,0.47,0.32,0.95,1.69,22,20,14,7,0.57,0.88,39,51,40,16,10,10,0,0,0,0,3,5,2.08,1.56,-0.18,0.56,0.0,0.0,12,15,0,2,2,0.2857142857142857,0.4,0.0,0.5,0.5,0,0.0,-1,0.4,0.28
8.0,U. Cluj,3,3,2,11,8,3,12,Unirea Slobozia,9.0,30.08.2025,16:45,away,1,0,W,team,0.85,0.32,0.65,0.35,12,13,3,2,1,0,4,2,0.87,0.74,0.0,0.0,1.66,0.14,4,8,5,3,5,4,7,9,0,0,0.0,0.0,27,9,0,0,0,1,8,14,0.55,0.45,0.74,0.55,0.29,0.08,1.07,0.17,23,16,14,8,0.33,0.46,45,42,15,27,12,3,0,0,0,0,2,2,0.14,1.66,0.14,0.66,0.0,0.0,12,14,0,1,1,0.375,0.4,0.0,0.6,0.5,1,0.3,1,0.4,0.37000000000000005
7.0,UTA Arad,3,4,1,11,10,1,13,Petrolul,12.0,01.08.2025,19:30,away,2,1,W,team,1.29,1.49,0.37,0.63,9,24,6,4,4,2,3,6,0.65,0.81,4.0,2.0,2.49,1.01,2,11,1,9,6,12,3,12,0,0,1.0,0.0,12,24,0,0,0,1,10,10,0.21,0.53,0.49,0.66,0.22,0.24,0.62,0.87,27,28,10,10,0.82,0.67,58,63,38,11,9,6,1,0,0,0,3,4,1.01,2.49,-0.24,0.51,0.0,0.0,13,11,0,1,1,1.0,1.0,0.5,1.0,0.5,1,0.1,1,1.0,0.73
7.0,UTA Arad,3,4,1,11,10,1,13,Farul Constanta,6.0,09.08.2025,16:30,home,2,1,W,team,2.37,3.29,0.4,0.6,16,24,8,7,3,6,3,11,0.69,0.82,1.0,0.0,3.46,1.63,6,11,2,6,10,17,6,7,0,0,1.0,0.0,23,46,1,1,1,1,16,6,0.32,0.5,0.56,0.75,0.15,0.34,1.47,3.03,32,19,6,17,0.53,0.75,53,56,45,35,11,12,0,1,0,1,6,6,1.63,3.46,0.63,1.46,0.0,0.0,13,8,1,1,1,1.0,1.0,1.0,1.0,0.5,2,0.30000000000000004,1,1.0,0.79
7.0,UTA Arad,3,4,1,11,10,1,13,Univ. Craiova,1.0,12.07.2025,16:30,home,3,3,D,draw,1.99,2.22,0.48,0.52,21,13,6,4,2,3,4,3,0.76,0.76,3.0,3.0,2.52,1.8,10,5,5,4,11,8,10,5,1,1,1.0,1.0,30,23,0,0,0,2,12,11,0.36,0.45,0.75,0.69,0.19,0.17,0.99,0.95,29,24,11,12,0.69,0.62,43,54,32,35,10,12,0,1,0,0,1,3,1.8,2.52,-1.2,-0.48,0.0,0.0,13,15,1,0,0,0.6666666666666666,0.6666666666666666,0.5,1.0,0.5,0,0.30000000000000004,0,0.6666666666666666,0.5566666666666666
7.0,UTA Arad,3,4,1,11,10,1,13,Din. Bucuresti,3.0,15.08.2025,19:30,away,1,1,D,draw,1.22,1.35,0.39,0.61,12,17,7,5,3,0,3,6,0.82,0.92,1.0,4.0,2.15,1.78,0,8,5,4,9,14,3,3,1,0,0.0,0.0,21,44,2,1,3,2,10,7,0.41,0.63,0.66,0.86,0.2,0.32,0.91,2.2,17,16,8,10,0.88,0.7,36,38,19,24,4,6,1,1,0,1,4,6,1.78,2.15,0.78,1.15,0.0,2.0,13,2,0,0,0,0.5,0.5,0.5,0.5,0.5,0,0.1,0,0.5,0.38
7.0,UTA Arad,3,4,1,11,10,1,13,U. Cluj,8.0,19.07.2025,16:30,away,1,1,D,draw,1.09,2.27,0.3,0.7,15,25,6,4,1,3,2,4,0.69,0.88,2.0,2.0,1.68,1.08,7,13,2,8,9,17,6,8,1,1,0.0,1.0,16,45,0,0,0,1,8,9,0.34,0.63,0.57,0.82,0.4,0.33,0.64,2.12,30,29,9,8,0.74,0.65,44,48,27,13,12,8,0,0,0,0,3,5,1.08,1.68,-0.03,0.68,0.0,0.0,13,12,0,0,0,0.4,0.4,0.5,0.3333333333333333,0.5,0,0.0,0,0.4,0.28
7.0,UTA Arad,3,4,1,11,10,1,13,Unirea Slobozia,9.0,22.08.2025,17:00,home,1,1,D,draw,1.73,1.74,0.56,0.44,15,16,4,5,2,2,7,4,0.81,0.76,1.0,3.0,1.58,1.77,6,5,5,6,7,10,8,6,0,0,0.0,0.0,25,24,0,0,3,1,9,6,0.43,0.28,0.65,0.68,0.08,0.23,0.73,0.9,16,21,6,9,0.63,0.55,64,50,28,33,7,11,1,1,0,0,4,3,1.77,1.58,0.77,0.58,0.0,0.0,13,14,1,0,0,0.3333333333333333,0.2,0.3333333333333333,0.3333333333333333,0.5,0,0.0,0,0.2,0.14
7.0,UTA Arad,3,4,1,11,10,1,13,FC Hermannstadt,11.0,26.07.2025,16:30,home,1,0,W,team,0.79,0.8,0.52,0.48,10,10,3,1,3,2,5,5,0.8,0.74,1.0,1.0,0.6,0.08,6,5,1,4,8,4,2,6,0,0,0.0,0.0,14,13,0,1,1,2,5,13,0.46,0.45,0.62,0.64,0.45,0.16,0.69,0.98,20,30,13,5,0.67,0.68,57,52,31,14,9,9,0,0,0,0,1,2,0.08,0.6,0.08,-0.63,0.0,0.0,13,5,1,1,1,0.42857142857142855,0.2,0.5,0.3333333333333333,0.5,1,0.3,1,0.2,0.23
7.0,UTA Arad,3,4,1,11,10,1,13,FC Rapid Bucuresti,2.0,29.08.2025,18:30,away,0,2,L,opponent,0.69,1.99,0.51,0.49,8,11,1,5,2,4,4,5,0.81,0.77,2.0,4.0,0.26,1.77,5,3,2,3,4,7,4,4,0,0,0.0,1.0,17,21,0,0,0,0,12,10,0.5,0.44,0.65,0.63,0.22,0.25,0.92,1.69,21,35,10,12,0.67,0.48,49,51,18,25,10,6,1,1,1,0,3,1,1.77,0.26,-0.23,0.26,0.0,0.0,13,6,0,2,2,0.375,0.2,0.5,0.25,0.5,0,0.2,-2,0.2,0.2
9.0,Unirea Slobozia,3,2,3,11,10,1,11,Otelul,10.0,04.08.2025,17:00,home,0,0,D,draw,1.17,1.02,0.47,0.53,22,8,7,4,0,1,4,3,0.72,0.8,2.0,0.0,0.8,1.06,5,3,10,1,9,7,13,1,0,0,0.0,0.0,24,22,0,1,0,3,14,15,0.52,0.35,0.66,0.62,0.23,0.29,0.84,1.55,21,22,15,14,0.77,0.71,46,52,31,36,8,8,0,0,0,0,4,7,1.06,0.8,1.06,0.8,0.0,1.0,14,10,1,0,0,0.0,0.0,0.0,0.5,0.5,0,0.0,0,0.0,0.0
9.0,Unirea Slobozia,3,2,3,11,10,1,11,FCSB,13.0,10.08.2025,19:30,away,1,0,W,team,0.54,2.36,0.3,0.7,8,35,4,13,0,3,1,6,0.6,0.84,2.0,2.0,0.95,2.25,4,18,0,4,4,19,4,16,0,1,0.0,0.0,10,36,1,1,1,4,8,13,0.25,0.56,0.46,0.77,0.2,0.45,0.45,1.79,20,27,14,9,0.67,0.73,42,59,37,15,9,7,1,0,0,0,13,3,2.25,0.95,2.25,-0.05,0.0,0.0,14,7,0,1,1,0.5,0.5,0.0,1.0,0.5,1,0.2,1,0.5,0.41000000000000003
9.0,Unirea Slobozia,3,2,3,11,10,1,11,CFR Cluj,14.0,13.07.2025,19:30,away,1,2,L,opponent,0.67,1.1,0.4,0.6,12,10,3,4,1,3,2,5,0.7,0.77,1.0,1.0,0.81,1.98,5,5,4,1,5,7,7,3,0,1,0.0,1.0,11,18,0,0,1,2,14,16,0.35,0.42,0.56,0.61,0.15,0.35,0.16,1.51,23,21,16,14,0.5,0.92,40,55,25,25,8,10,1,0,1,0,2,2,1.98,0.81,-0.02,-0.19,0.0,0.0,14,0,0,2,2,0.3333333333333333,0.3333333333333333,0.0,0.5,0.5,0,0.2,-1,0.3333333333333333,0.29333333333333333
9.0,Unirea Slobozia,3,2,3,11,10,1,11,Metaloglobus Bucharest,16.0,15.08.2025,17:00,home,2,1,W,team,1.66,0.87,0.44,0.56,13,8,3,5,2,3,5,2,0.74,0.81,4.0,3.0,1.74,0.49,5,2,5,1,7,5,6,3,0,0,0.0,0.0,29,20,0,0,1,1,13,7,0.39,0.46,0.64,0.61,0.22,0.26,1.1,0.83,34,23,7,14,0.67,0.63,54,43,31,39,11,9,0,0,0,0,4,1,0.49,1.74,0.49,-0.26,0.0,0.0,14,9,1,1,1,0.5,0.5,0.5,0.5,0.5,1,0.4,1,0.5,0.47
9.0,Unirea Slobozia,3,2,3,11,10,1,11,Csikszereda M. Ciuc,15.0,21.07.2025,17:00,home,6,1,W,team,2.66,1.24,0.6,0.4,20,15,11,6,7,1,2,1,0.84,0.79,0.0,0.0,4.41,1.18,5,5,4,4,11,7,9,8,2,0,0.0,0.0,16,19,1,0,3,1,6,11,0.55,0.47,0.73,0.69,0.06,0.33,1.07,0.92,21,21,11,6,0.58,0.67,39,39,11,28,4,5,0,0,0,1,5,5,1.18,4.41,0.21,-1.59,0.0,1.0,14,1,1,1,1,0.6,0.6,0.6666666666666666,0.5,0.5,2,0.5,5,0.6,0.57
9.0,Unirea Slobozia,3,2,3,11,10,1,11,UTA Arad,7.0,22.08.2025,17:00,away,1,1,D,draw,1.74,1.73,0.44,0.56,16,15,5,4,2,2,4,7,0.76,0.81,3.0,1.0,1.77,1.58,5,6,6,5,10,7,6,8,0,0,0.0,0.0,24,25,0,0,1,3,6,9,0.28,0.43,0.68,0.65,0.23,0.08,0.9,0.73,21,16,9,6,0.55,0.63,50,64,33,28,11,7,1,1,0,0,3,4,1.58,1.77,0.58,0.77,0.0,0.0,14,13,0,0,0,0.5,0.6,0.6666666666666666,0.3333333333333333,0.5,0,0.30000000000000004,0,0.6,0.51
9.0,Unirea Slobozia,3,2,3,11,10,1,11,FC Botosani,5.0,28.07.2025,17:00,away,0,4,L,opponent,0.42,2.11,0.48,0.52,8,7,3,4,1,4,4,2,0.76,0.79,1.0,3.0,0.26,3.33,3,3,2,0,3,5,5,2,0,0,0.0,0.0,11,19,0,0,8,3,14,7,0.5,0.35,0.63,0.6,0.19,0.13,0.39,1.08,26,20,7,14,0.56,0.75,52,38,16,23,5,4,0,0,1,0,0,3,3.33,0.26,-0.67,0.26,0.0,1.0,14,4,0,2,2,0.42857142857142855,0.4,0.6666666666666666,0.25,0.5,0,0.1,-4,0.4,0.31000000000000005
9.0,Unirea Slobozia,3,2,3,11,10,1,11,U. Cluj,8.0,30.08.2025,16:45,home,0,1,L,opponent,0.32,0.85,0.35,0.65,13,12,2,3,0,1,2,4,0.74,0.87,0.0,0.0,0.14,1.66,8,4,3,5,4,5,9,7,0,0,0.0,0.0,9,27,0,0,1,0,14,8,0.45,0.55,0.55,0.74,0.08,0.29,0.17,1.07,16,23,8,14,0.46,0.33,42,45,27,15,3,12,0,0,0,0,2,2,1.66,0.14,0.66,0.14,0.0,0.0,14,12,1,2,2,0.375,0.4,0.5,0.25,0.5,0,0.0,-1,0.4,0.28
1.0,Univ. Craiova,6,2,0,17,9,8,20,CFR Cluj,14.0,03.08.2025,19:30,away,3,2,W,team,0.51,1.79,0.46,0.54,7,24,4,6,1,0,1,9,0.78,0.84,5.0,3.0,0.94,1.75,1,10,2,8,5,17,2,7,0,0,0.0,2.0,10,38,0,0,2,2,15,16,0.43,0.51,0.62,0.7,0.2,0.32,0.17,1.45,21,14,16,15,0.73,0.62,44,50,41,6,7,8,0,0,0,0,4,1,1.75,0.94,-0.25,-2.06,0.0,0.0,15,0,0,1,1,1.0,1.0,0.5,1.0,0.5,1,0.1,1,1.0,0.73
1.0,Univ. Craiova,6,2,0,17,9,8,20,FC Hermannstadt,11.0,10.08.2025,16:30,home,1,0,W,team,0.84,1.45,0.54,0.46,12,12,5,3,1,2,2,10,0.88,0.85,1.0,2.0,0.99,1.04,6,7,1,2,5,7,7,5,1,1,0.0,0.0,13,24,1,0,1,2,8,9,0.69,0.49,0.72,0.68,0.29,0.17,0.53,0.88,17,23,9,8,0.62,0.86,46,40,18,9,11,8,0,0,0,0,3,4,1.04,0.99,1.04,-0.01,0.0,0.0,15,5,1,1,1,1.0,1.0,1.0,1.0,0.5,2,0.30000000000000004,1,1.0,0.79
1.0,Univ. Craiova,6,2,0,17,9,8,20,UTA Arad,7.0,12.07.2025,16:30,away,3,3,D,draw,2.22,1.99,0.52,0.48,13,21,4,6,3,2,3,4,0.76,0.76,3.0,3.0,1.8,2.52,5,10,4,5,8,11,5,10,1,1,1.0,1.0,23,30,0,0,2,0,11,12,0.45,0.36,0.69,0.75,0.17,0.19,0.95,0.99,24,29,12,11,0.62,0.69,54,43,35,32,12,10,1,0,0,0,3,1,2.52,1.8,-0.48,-1.2,0.0,0.0,15,13,0,0,0,0.6666666666666666,0.6666666666666666,1.0,0.5,0.5,0,0.30000000000000004,0,0.6666666666666666,0.5566666666666666
1.0,Univ. Craiova,6,2,0,17,9,8,20,Csikszereda M. Ciuc,15.0,17.08.2025,14:15,away,2,1,W,team,1.18,0.27,0.56,0.44,12,9,5,5,2,0,4,8,0.85,0.81,2.0,4.0,1.35,0.52,3,3,4,1,5,3,7,6,0,0,0.0,0.0,19,12,0,0,1,2,11,10,0.45,0.5,0.74,0.68,0.11,0.12,1.27,0.36,28,21,10,13,0.53,0.69,36,42,25,22,5,10,0,0,1,1,4,3,0.52,1.35,0.52,-0.65,0.0,0.0,15,1,0,1,1,0.75,0.75,1.0,0.6666666666666666,0.5,1,0.4,1,0.75,0.645
1.0,Univ. Craiova,6,2,0,17,9,8,20,FC Arges,4.0,18.07.2025,19:30,home,3,1,W,team,0.96,1.02,0.65,0.35,8,11,2,2,3,2,1,4,0.81,0.69,2.0,4.0,1.24,0.45,0,6,6,3,3,6,5,5,0,0,0.0,0.0,16,19,0,0,1,0,21,13,0.38,0.31,0.64,0.57,0.17,0.32,0.37,0.68,21,33,13,21,0.68,0.5,64,59,31,16,14,8,1,0,0,0,1,0,0.45,1.24,-0.55,-0.76,0.0,0.0,15,3,1,1,1,0.8,0.8,1.0,0.6666666666666666,0.5,2,0.5,2,0.8,0.7100000000000001
1.0,Univ. Craiova,6,2,0,17,9,8,20,Petrolul,12.0,24.08.2025,16:30,home,2,0,W,team,1.95,0.44,0.61,0.39,18,10,9,0,2,0,5,4,0.88,0.77,0.0,2.0,2.48,0.0,6,7,3,3,7,6,11,4,0,1,0.0,0.0,17,14,1,0,2,1,12,6,0.6,0.32,0.75,0.63,0.13,0.46,0.78,0.6,17,13,6,12,0.75,0.57,38,49,26,15,15,8,0,1,0,0,0,7,0.0,2.48,0.0,0.48,0.0,0.0,15,11,1,1,1,0.8333333333333334,0.8,1.0,0.6666666666666666,0.5,3,0.6,2,0.8,0.7400000000000001
1.0,Univ. Craiova,6,2,0,17,9,8,20,U. Cluj,8.0,28.07.2025,19:30,home,2,1,W,team,2.13,0.81,0.62,0.38,24,12,5,6,4,3,7,5,0.85,0.76,0.0,2.0,2.08,1.56,11,2,8,4,18,7,6,5,2,0,0.0,1.0,42,25,3,1,2,0,14,7,0.44,0.42,0.74,0.71,0.32,0.47,1.69,0.95,20,22,7,14,0.88,0.57,51,39,16,40,10,10,0,0,0,0,5,3,1.56,2.08,0.56,-0.18,0.0,0.0,15,12,1,1,1,0.8571428571428571,0.8,1.0,0.6666666666666666,0.5,4,0.6,1,0.8,0.7400000000000001
1.0,Univ. Craiova,6,2,0,17,9,8,20,FC Botosani,5.0,31.08.2025,16:30,away,1,1,D,draw,1.51,1.37,0.64,0.36,13,11,6,4,2,2,8,4,0.81,0.66,1.0,4.0,0.92,1.35,5,5,2,2,9,6,4,5,0,0,0.0,0.0,22,23,1,1,3,1,8,8,0.6,0.36,0.62,0.6,0.3,0.08,1.13,0.64,26,25,9,9,0.86,0.36,45,34,22,19,10,8,1,1,0,0,3,5,1.35,0.92,0.35,-0.08,0.0,0.0,15,4,0,0,0,0.75,0.8,1.0,0.5,0.5,0,0.30000000000000004,0,0.8,0.6500000000000001
